search_text,title,link,description,rich_description,comp_name
https://www.meshedgroup.com.au/about/ Australia,Meshed Group | Comprehensive Education Management ...,https://www.meshedgroup.com.au/,Customisable  cloud-based  affordable and are continually evolving to meet the challenges of the Education Industry in Australia. Educational Enterprise ...,Meshed Group solutions are suited to any sized education providers or enterprises. Customisable  cloud-based  affordable and are continually evolving to meet the challenges of the Education Industry in Australia. Educational Enterprise Management Systems and Student Management Systems
http://powerprorto.com.au/ Australia,PowerPro RTO - Training Management System | Student ...,https://powerprorto.com.au/,Compliant with Australian VET Standards ... PowerPro RTO complies with the different State and Territory funding program requirements (e.g. User Choice  ... CONTACT; P: (08) 9511 1040; support@powerprorto.com.au; Vidatek PO Box 266,
https://skillsbook.com.au/aboutus Australia,About - Skillsbook,https://skillsbook.com.au/aboutus,Online Courses Australia use Skillsbook® to offer RPL to their students. They use our unique course builder to set up courses and build a range of assessments ...,
https://www.axcelerate.com.au/about Australia,aXcelerate,https://www.axcelerate.com.au/,aXcelerate is Australia's leading student management system. aXcelerate is the most innovative and feature rich SMS on the market  helping you create the best ...,Make AVETMISS reporting and compliance easier  and manage every aspect of your training organisation— students  courses  assessments  scheduling  and more.
https://vastosoftware.com.au/ Australia,Vasto Educator: RTO Management Software with integrated ...,https://vastosoftware.com.au/,Contact Vasto Software. Head Office Level 1  50 Yeo Street Neutral Bay ... Sales Enquiries. Phone: (02) 9188 9491. Email: enquiries@vastosoftware.com.au.,Vasto Educator is world-class RTO Management software with an integrated Learning Management System (LMS)  suitable for all Registered Training Organisations. Request a free demonstration.
https://ebecas.com.au/about/ Australia,eBECAS – College Administration Software,https://ebecas.com.au/,eBECAS provides for the update of CoE and Visa details to assist with monitoring of Visa refusal and Genuine Temporary Entrance. SMS_lexsurf ...,
https://ammonite.com.au/ Australia,Ammonite,https://ammonite.com.au/,Learning Management System. The Australian cloud-based LMS. All of your training needs in one package. Get Started ...,Ammonite LMS
https://www.classe365.com/about-classe365/ Australia,Classe365: School Management Software | Student ...,https://www.classe365.com/,Classe365 provides student information system  learning management system  CRM and student management software for school  academy  college ...,Classe365 provides student information system  learning management system  CRM and student management software for school  academy  college & university
http://www.sparksrto.com.au/ Australia,Coronavirus (COVID-19) - Official Australian Government ...,https://www.australia.gov.au/,The official Australian Government response website to provide support and updates to Australians on the Coronavirus pandemic.,The official Australian Government response website to provide support and updates to Australians on the Coronavirus pandemic.
https://www.ish.com.au/about/ Australia,About us - ish onCourse,https://www.ish.com.au/about/,Since the year 2000  ish have been providing student management software solutions to Australian and overseas colleges of all shapes and sizes  including ...,ish onCourse. The most comprehensive and easy to use  marketing and enrolment system available.
http://aceavetmiss.com.au/about-us/ Australia,Ace Avetmiss – Ace your Avetmiss reporting,http://aceavetmiss.com.au/,Feb 17  2020 — Skip to content. 0403 786 240|support@aceavetmiss.com.au ... Why Choose Us. Fast  Powerful ... requirements. CEO  Skills Institute Australia ...,"Training Organisation
Training Organisation Delivery Locations
Programs
Subjects
Clients
Client Enrolments
Program Completion
 
Export AVETMISS Release 8.0 compliant data files (NAT files) for the National VET Provider Collection. 
If"
https://www.tutis.com.au/ Australia,Training Compliance Software Solutions | Tutis Operations,https://www.tutis.com.au/,The Tutis training compliance software solutions take the complexity and risk out of ... and integration with the mining standards database training.gov.au).,The Tutis training compliance software solutions take the complexity and risk out of compliance management. Tutis provides cloud based solutions across workforce capability  skillset and training management
https://app.tapforteacher.com.au/about-us Australia,Tap For Teacher,https://www.tapforteacher.com.au/,Tap for Teacher connects schools with relief teachers at the click of a button. It's the ultimate in ... Download our iOS or Android app to leverage the full power of Tap for Teacher. ... Endorsed by the Australian Primary Principals Association.,
https://www.seekateacher.co.nz/ Australia,Gemma Clancy - Founder - SeekaTeacher | LinkedIn,https://nz.linkedin.com/in/gemma-clancy-790a14161,... University of Wellington. Wellington & Wairarapa  New Zealand192 connections ... Company Website: seekateacher.co.nz External link. Company Website ...,675 million+ members | Manage your professional identity. Build and engage with your professional network. Access knowledge  insights and opportunities.
https://www.first2click.com.au/ Australia,First2Click Schools: School work | Queensland,https://www.first2click.com.au/,Get work in Queensland schools as a teacher aide  cleaner etc.,Get work in Queensland schools as a teacher aide  cleaner etc
http://teachersearch.com.au/ Australia,anzuk.education - Australia,https://www.anzuk.education/au/home,Work locally. Connect with our extensive network of schools across Australia and enjoy ongoing support from anzuk  no matter where you are. Australian locations ...,anzuk places exceptional teachers in vibrant education settings around the world. Always helping educators make the right choice. Enjoy personalised support throughout your career journey  whether you're a graduate  returning to work or a community leader. 
https://reliefruler.com.au/#about Australia,Relief Ruler,https://reliefruler.com.au/,Relief Ruler helps schools to connect with their existing relief teachers and ... Drop us a line at sales@reliefruler.com.au and we'll get you started on your way.,
http://classtime.net.au/#home Australia,ClassTime | Login,http://dashboard.classtime.net.au:3000/,User Image Sign in. Login. Forgot password? Register as new School.,
https://www.nzreliefteachers.co.nz/ Australia,NZ Relief Teachers,https://www.nzreliefteachers.co.nz/,NZ Relief Teachers keeps all bookings from day to day relief  PRT  CRT and PD courses all in the one place! Location Tools. Using Google Maps  Schools within ...,
https://redp.com.au/about/mission-statement Australia,Key Staff |Teaching jobs in Australia - Resource Ed Personnel,https://redp.com.au/key-staff,Find Information on Key Staff members at Resource Ed Personnel  RedP. ... From Schools · FAQs · Contact. https://redp.com.au/uploads/images/slide4.,"Find Information on Key Staff members at Resource Ed Personnel  RedP.
"
https://www.murdockrecruitment.com/about-us/about-murdock-education/ Australia,About Murdock Education - Murdock Education,https://www.murdockrecruitment.com/about-us/about-murdock-education/,... and Casual / Contract education professionals to the Early Years and Before and After School Care sector across Australia. Since our launch in 2014  we have ...,
https://acmobility.com.au/about-us/ Australia,AC Mobility | Mobility equipment for the aged and people with ...,https://acmobility.com.au/,AC Mobility supply and manufacture mobility equipment for the aged and disabled - electric and manual wheelchairs  walkers  paediatric equipment and more.,AC Mobility supply and manufacture mobility equipment for the aged and disabled - electric and manual wheelchairs  walkers  paediatric equipment and more.
https://www.freedommotorsaustralia.com.au/about/ Australia,Freedom Motors Australia,https://www.freedommotorsaustralia.com.au/,Freedom Motors Australia have been converting standard vehicles into wheelchair accessible vehicles since 1997. We can carry out wheelchair conversions on ...,We have experience in the design  manufacture  and installation of wheelchair conversions to produce both private & commercial wheelchair accessible vehicles.
https://www.ig3education.com.au/about_us.php Australia,About Us - IG3 Education,https://ig3education.com.au/about-us/,IG3 Education Ltd (IG3)   a public unlisted company comprises of two main business areas: IG3 Education  established in Australia in 2001  is a leading Education Solutions Specialists company that delivers ... info@ig3education.com.au.,Learn all about IG3 and what makes us your premier all-in-one solution! If you have any questions please don't hesitate to contact us!
