_id,search_text,title,link,comp_name,query_id,addresses,emails,telephone_numbers,guided_lda_results,textrank_results,kpe_results,wordcloud_results_tri,oc_cp_info,dnb_cp_info,linkedin_cp_info,comp_type_pred,company_size_li,description_li,founded_li,headquarters_li,image_li,industry_li,name_li,num_employees_li,specialties_li,type_li,website_li,agent_address_oc,agent_name_oc,alternative_names_oc,business_classification_text_oc,company_number_oc,company_type_oc,directors_or_officers_oc,incorporation_date_oc,jurisdiction_oc,previous_company_numbers_oc,registered_address_adr_oc,registry_page_oc,status_oc,company_address_dnb,company_contacts_dnb,company_related_industries_dnb,company_revenue_dnb,company_snapshot_dnb,company_summary_dnb,company_tp_dnb,company_trade_name_dnb,company_type_dnb,company_web_dnb,alexa_rank,alexa_pageviews,important_person_company,google_cp,Company Type_cb,Contact Email_cb,Facebook_cb,Founded Date_cb,Founders_cb,Headquarters Regions_cb,IPO Status_cb,Industries_cb,Number of Employees_cb,Operating Status_cb,Phone Number_cb,Twitter_cb,Website_cb,comp_description_cb,comp_headquaters_cb,comp_name_cb,google_tp,google_address
5eb62e2a134cc6fb9536e93d,https://www.2and2.com.au/about/what-we-do,2and2,https://www.2and2.com.au/,2 and 2,None,None,None,None,None,None,None,None,None,None,None,None,None,None,None,None,None,None,None,None,None,None,None,None,None,None,None,None,None,None,None,None,None,None,None,None,None,None,None,None,None,None,None,None,None,None,None,None,None,None,None,None,None,None,None,None,None,None,None,None,None,None,None,None,None,None,None,None
5eb630147afe26eca4ba7bfa,https://www.answersportals.com/,Answers Portals - A One stop shop for assignment and ...,https://www.answersportals.com/,Answers Portals,None,None,None,None,None,None,None,None,None,None,None,None,None,None,None,None,None,None,None,None,None,None,None,None,None,None,None,None,None,None,None,None,None,None,None,None,None,None,None,None,None,None,None,None,None,None,None,None,None,None,None,None,None,None,None,None,None,None,None,None,None,None,None,None,None,None,None,None
5eb6311c86662885174692de,https://arludo.com/,Arludo,https://arludo.com/,arludo,None,None,None,None,None,None,None,None,None,None,None,None,None,None,None,None,None,None,None,None,None,None,None,None,None,None,None,None,None,None,None,None,None,None,None,None,None,None,None,None,None,None,None,None,None,None,None,None,None,None,None,None,None,None,None,None,None,None,None,None,None,None,None,None,None,None,None,None
5eb631f1fac479799dedd1f8,www.assignmenthelpservices.com/,Assignment Help Services,https://www.assignmenthelpservices.com/,Assignment Help Services,None,None,None,None,None,None,None,None,None,None,None,None,None,None,None,None,None,None,None,None,None,None,None,None,None,None,None,None,None,None,None,None,None,None,None,None,None,None,None,None,None,None,None,None,None,None,None,None,None,None,None,None,None,None,None,None,None,None,None,None,None,None,None,None,None,None,None,None
5eb6331597c8f5512179c4f1,https://getatomi.com/,Atomi | Learning made easy,https://getatomi.com/,Atomi,None,None,None,None,None,None,None,None,None,None,None,None,None,None,None,None,None,None,None,None,None,None,None,None,None,None,None,None,None,None,None,None,None,None,None,None,None,None,None,None,None,None,None,None,None,None,None,None,None,None,None,None,None,None,None,None,None,None,None,None,None,None,None,None,None,None,None,None
5eb634492802acb8c48e02aa,www.schoolappsolution.com.au,School App Solution: Parent Communication & Engagement,https://www.schoolappsolution.com.au/,School App Solution,None,None,None,None,None,None,None,None,None,None,None,None,None,None,None,None,None,None,None,None,None,None,None,None,None,None,None,None,None,None,None,None,None,None,None,None,None,None,None,None,None,None,None,None,None,None,None,None,None,None,None,None,None,None,None,None,None,None,None,None,None,None,None,None,None,None,None,None
5eb63539be65b70e5af0c7a9,www.australianassignmentshelp.com/,Australian Assignment Help - Best Assignment Writing Service,https://www.australianassignmentshelp.com/,Australian assignments help,None,None,None,None,None,None,None,None,None,None,None,None,None,None,None,None,None,None,None,None,None,None,None,None,None,None,None,None,None,None,None,None,None,None,None,None,None,None,None,None,None,None,None,None,None,None,None,None,None,None,None,None,None,None,None,None,None,None,None,None,None,None,None,None,None,None,None,None
5eb6363894bd0b097f9c2734,australianhelp.com/,Australian Help: Assignment & Essay Writing Services by ...,https://australianhelp.com/,Australian Help,None,None,None,None,None,None,None,None,None,None,None,None,None,None,None,None,None,None,None,None,None,None,None,None,None,None,None,None,None,None,None,None,None,None,None,None,None,None,None,None,None,None,None,None,None,None,None,None,None,None,None,None,None,None,None,None,None,None,None,None,None,None,None,None,None,None,None,None
5eb6378b772150870b5c8d27,www.beautycoursesonline.com/,Beauty Courses Online - Complete your beauty course at ...,https://www.beautycoursesonline.com/,Beauty Courses Online,None,None,None,None,None,None,None,None,None,None,None,None,None,None,None,None,None,None,None,None,None,None,None,None,None,None,None,None,None,None,None,None,None,None,None,None,None,None,None,None,None,None,None,None,None,None,None,None,None,None,None,None,None,None,None,None,None,None,None,None,None,None,None,None,None,None,None,None
5eb639ee2c60aae411d1ae8b,brainpump.net/,Brain Pump - Learn something new,http://brainpump.net/,Brain Pump,None,None,None,None,None,None,None,None,None,None,None,None,None,None,None,None,None,None,None,None,None,None,None,None,None,None,None,None,None,None,None,None,None,None,None,None,None,None,None,None,None,None,None,None,None,None,None,None,None,None,None,None,None,None,None,None,None,None,None,None,None,None,None,None,None,None,None,None
5eb63aff81de1c4846fd91ab,www.careercake.com/,Careercake | Watch Awesome Careers Content Anytime ...,https://www.careercake.com/,Careercake,None,None,None,None,None,None,None,None,None,None,None,None,None,None,None,None,None,None,None,None,None,None,None,None,None,None,None,None,None,None,None,None,None,None,None,None,None,None,None,None,None,None,None,None,None,None,None,None,None,None,None,None,None,None,None,None,None,None,None,None,None,None,None,None,None,None,None,None
5eb63c1e9c69232f6ed6edd8,centralinnovation.com.au/,Central Innovation,https://centralinnovation.com.au/,Central Innovation Pty Ltd.,None,None,None,None,None,None,None,None,None,None,None,None,None,None,None,None,None,None,None,None,None,None,None,None,None,None,None,None,None,None,None,None,None,None,None,None,None,None,None,None,None,None,None,None,None,None,None,None,None,None,None,None,None,None,None,None,None,None,None,None,None,None,None,None,None,None,None,None
5eb63d1b9d2ec0b892c42dd5,www.c-learning.com.au/,C-Learning - Home,https://www.c-learning.net/,C-Learning Pty,None,None,None,None,None,None,None,None,None,None,None,None,None,None,None,None,None,None,None,None,None,None,None,None,None,None,None,None,None,None,None,None,None,None,None,None,None,None,None,None,None,None,None,None,None,None,None,None,None,None,None,None,None,None,None,None,None,None,None,None,None,None,None,None,None,None,None,None
5eb63e1ee805d1cff3d80a25,www.complierenterprise.com/,complierenterprise.com - This website is for sale ...,http://www.complierenterprise.com/,Complier Enterprise,None,None,None,None,None,None,None,None,None,None,None,None,None,None,None,None,None,None,None,None,None,None,None,None,None,None,None,None,None,None,None,None,None,None,None,None,None,None,None,None,None,None,None,None,None,None,None,None,None,None,None,None,None,None,None,None,None,None,None,None,None,None,None,None,None,None,None,None
5eb63ee743b668cb27ef8137,www.compnow.com.au,CompNow - Innovative IT Services & Solutions,https://www.compnow.com.au/,CompNow,None,None,None,None,None,None,None,None,None,None,None,None,None,None,None,None,None,None,None,None,None,None,None,None,None,None,None,None,None,None,None,None,None,None,None,None,None,None,None,None,None,None,None,None,None,None,None,None,None,None,None,None,None,None,None,None,None,None,None,None,None,None,None,None,None,None,None,None
5eb640560732058562a400b3,www.convincely.com,Convincely™ - Experience The World's Best Plug-In Sales ...,https://convincely.com/,Convincely,None,None,None,None,None,None,None,None,None,None,None,None,None,None,None,None,None,None,None,None,None,None,None,None,None,None,None,None,None,None,None,None,None,None,None,None,None,None,None,None,None,None,None,None,None,None,None,None,None,None,None,None,None,None,None,None,None,None,None,None,None,None,None,None,None,None,None,None
5eb646ce3b4442b4da91c057,CourseLink,Link to Content and Tools | Blackboard Help,https://help.blackboard.com/Learn/Instructor/Course_Content/Create_Content/Create_Course_Materials/Link_to_Content_and_Tools,CourseLink,None,None,None,None,None,None,None,None,None,None,None,None,None,None,None,None,None,None,None,None,None,None,None,None,None,None,None,None,None,None,None,None,None,None,None,None,None,None,None,None,None,None,None,None,None,None,None,None,None,None,None,None,None,None,None,None,None,None,None,None,None,None,None,None,None,None,None,None
5eb6479687b6932b9e6de098,www.coursesdirect.com.au,coursesdirect.com.au parked with Netfleet.com.au,http://www.coursesdirect.com.au/,Courses Direct,None,None,None,None,None,None,None,None,None,None,None,None,None,None,None,None,None,None,None,None,None,None,None,None,None,None,None,None,None,None,None,None,None,None,None,None,None,None,None,None,None,None,None,None,None,None,None,None,None,None,None,None,None,None,None,None,None,None,None,None,None,None,None,None,None,None,None,None
5eb648bf6bc924ef46ab60da,www.cuberider.com/,Cuberider | Launchpad,https://launchpad.cuberider.com/,Cuberider,None,None,None,None,None,None,None,None,None,None,None,None,None,None,None,None,None,None,None,None,None,None,None,None,None,None,None,None,None,None,None,None,None,None,None,None,None,None,None,None,None,None,None,None,None,None,None,None,None,None,None,None,None,None,None,None,None,None,None,None,None,None,None,None,None,None,None,None
5eb64a8e96bdd2bbbb3287e5,devika.com/,Devika | Home,https://devika.com/,Devika,None,None,None,None,None,None,None,None,None,None,None,None,None,None,None,None,None,None,None,None,None,None,None,None,None,None,None,None,None,None,None,None,None,None,None,None,None,None,None,None,None,None,None,None,None,None,None,None,None,None,None,None,None,None,None,None,None,None,None,None,None,None,None,None,None,None,None,None
5eb64bc810a22fecd4eca987,dienstconsulting.com/,Dienst Consulting | Where Service Meets I.T.,https://dienstconsulting.com/,Dienst Consulting,None,None,None,None,None,None,None,None,None,None,None,None,None,None,None,None,None,None,None,None,None,None,None,None,None,None,None,None,None,None,None,None,None,None,None,None,None,None,None,None,None,None,None,None,None,None,None,None,None,None,None,None,None,None,None,None,None,None,None,None,None,None,None,None,None,None,None,None
5eb64cfc8c94747a21f39855,digiskool.co.ke/ austraila,digiSchool websites for people from 15 to 25 years old,https://www.digischoolgroup.com/en/produits,digiskool.co.ke/ austraila,None,None,None,None,None,None,None,None,None,None,None,None,None,None,None,None,None,None,None,None,None,None,None,None,None,None,None,None,None,None,None,None,None,None,None,None,None,None,None,None,None,None,None,None,None,None,None,None,None,None,None,None,None,None,None,None,None,None,None,None,None,None,None,None,None,None,None,None
5eb64e13158973dfa9982019,www.digistorm.com.au/,Digistorm: School Websites_ School Apps & Online Enrolments,https://www.digistorm.com.au/,Digistorm,None,None,None,None,None,None,None,None,None,None,None,None,None,None,None,None,None,None,None,None,None,None,None,None,None,None,None,None,None,None,None,None,None,None,None,None,None,None,None,None,None,None,None,None,None,None,None,None,None,None,None,None,None,None,None,None,None,None,None,None,None,None,None,None,None,None,None,None
5eb64f4ea0549166c51ca057,www.dynamicwebtraining.com.au/,Dynamic Web Training: Computer and IT Courses in Australia,https://www.dynamicwebtraining.com.au/,Dynamic Web Training Pty Ltd.,None,None,None,None,None,None,None,None,None,None,None,None,None,None,None,None,None,None,None,None,None,None,None,None,None,None,None,None,None,None,None,None,None,None,None,None,None,None,None,None,None,None,None,None,None,None,None,None,None,None,None,None,None,None,None,None,None,None,None,None,None,None,None,None,None,None,None,None
5eb650acab06d680d6990351,edflix.com.au/,EDflix | Crunchbase,https://www.crunchbase.com/organization/edflix,EDflix,None,None,None,None,None,None,None,None,None,None,None,None,None,None,None,None,None,None,None,None,None,None,None,None,None,None,None,None,None,None,None,None,None,None,None,None,None,None,None,None,None,None,None,None,None,None,None,None,None,None,None,None,None,None,None,None,None,None,None,None,None,None,None,None,None,None,None,None
5eb651bc5fa088c453991725,edpotential.com/,EdPotential | Inquire. Analyse. Act.,https://www.edpotential.com/,EdPotential,None,None,None,None,None,None,None,None,None,None,None,None,None,None,None,None,None,None,None,None,None,None,None,None,None,None,None,None,None,None,None,None,None,None,None,None,None,None,None,None,None,None,None,None,None,None,None,None,None,None,None,None,None,None,None,None,None,None,None,None,None,None,None,None,None,None,None,None
5eb652de55de509b4a9efaf4,http://edquire.com/edquire/,edQuire - Better decisions. Better learning outcomes.,https://edquire.com/,Edquire,None,None,None,None,None,None,None,None,None,None,None,None,None,None,None,None,None,None,None,None,None,None,None,None,None,None,None,None,None,None,None,None,None,None,None,None,None,None,None,None,None,None,None,None,None,None,None,None,None,None,None,None,None,None,None,None,None,None,None,None,None,None,None,None,None,None,None,None
5eb65433af5bcc3efe32c504,http://www.edval.com.au,Edval – Masters of Timetabling,https://www.edval.education/,Edval,None,None,None,None,None,None,None,None,None,None,None,None,None,None,None,None,None,None,None,None,None,None,None,None,None,None,None,None,None,None,None,None,None,None,None,None,None,None,None,None,None,None,None,None,None,None,None,None,None,None,None,None,None,None,None,None,None,None,None,None,None,None,None,None,None,None,None,None
5eb6556c29c37695bc97bec4,emarkingassistant.com/,How to grade papers using Microsoft Word & eMarking ...,http://emarkingassistant.com/,eMarking Assistant,None,None,None,None,None,None,None,None,None,None,None,None,None,None,None,None,None,None,None,None,None,None,None,None,None,None,None,None,None,None,None,None,None,None,None,None,None,None,None,None,None,None,None,None,None,None,None,None,None,None,None,None,None,None,None,None,None,None,None,None,None,None,None,None,None,None,None,None
5eb6567909d0de1b6b708cf8,www.equ.com.au/,Equilibrium | Perth's Leading Digital Consultancy,https://equ.com.au/,Equilibrium,None,None,None,None,None,None,None,None,None,None,None,None,None,None,None,None,None,None,None,None,None,None,None,None,None,None,None,None,None,None,None,None,None,None,None,None,None,None,None,None,None,None,None,None,None,None,None,None,None,None,None,None,None,None,None,None,None,None,None,None,None,None,None,None,None,None,None,None
5eb657e754ee9cbe1a7388c8,essayassignmenthelp.com.au/,Assignment Help Australia - Essay Help - EssayAssignmentHelp,https://essayassignmenthelp.com.au/,Essay Assignment Help,None,None,None,None,None,None,None,None,None,None,None,None,None,None,None,None,None,None,None,None,None,None,None,None,None,None,None,None,None,None,None,None,None,None,None,None,None,None,None,None,None,None,None,None,None,None,None,None,None,None,None,None,None,None,None,None,None,None,None,None,None,None,None,None,None,None,None,None
5eb65942b46918d079adebe9,fitzroyacademy.com/,The Fitzroy Academy,https://fitzroyacademy.com/,Fitzroy Academy,None,None,None,None,None,None,None,None,None,None,None,None,None,None,None,None,None,None,None,None,None,None,None,None,None,None,None,None,None,None,None,None,None,None,None,None,None,None,None,None,None,None,None,None,None,None,None,None,None,None,None,None,None,None,None,None,None,None,None,None,None,None,None,None,None,None,None,None
5eb65a927cb5b3a1ff4ae362,www.fluidlearning.com.au,Fluid First Aid: First Aid Courses & Training Brisbane,https://www.fluidlearning.com.au/,Fluid Learning Courses Brisbane,None,None,None,None,None,None,None,None,None,None,None,None,None,None,None,None,None,None,None,None,None,None,None,None,None,None,None,None,None,None,None,None,None,None,None,None,None,None,None,None,None,None,None,None,None,None,None,None,None,None,None,None,None,None,None,None,None,None,None,None,None,None,None,None,None,None,None,None
5eb65b645417d406270e7e63,foundr.com/,Foundr - Learn from Proven Entrepreneurs & Startup Founders,https://foundr.com/,Foundr Magazine,None,None,None,None,None,None,None,None,None,None,None,None,None,None,None,None,None,None,None,None,None,None,None,None,None,None,None,None,None,None,None,None,None,None,None,None,None,None,None,None,None,None,None,None,None,None,None,None,None,None,None,None,None,None,None,None,None,None,None,None,None,None,None,None,None,None,None,None
5eb65d83728ad01002b3a5f6,www.funnelback.com,Funnelback: Home,https://www.funnelback.com/home,Funnelback,None,None,None,None,None,None,None,None,None,None,None,None,None,None,None,None,None,None,None,None,None,None,None,None,None,None,None,None,None,None,None,None,None,None,None,None,None,None,None,None,None,None,None,None,None,None,None,None,None,None,None,None,None,None,None,None,None,None,None,None,None,None,None,None,None,None,None,None
5eb65f2cde8cab37cd68dffd,www.navitas.com/,Navitas - leading global education provider,https://www.navitas.com/,Navitas,None,None,None,None,None,None,None,None,None,None,None,None,None,None,None,None,None,None,None,None,None,None,None,None,None,None,None,None,None,None,None,None,None,None,None,None,None,None,None,None,None,None,None,None,None,None,None,None,None,None,None,None,None,None,None,None,None,None,None,None,None,None,None,None,None,None,None,None
5eb6603b6e69c6f2e1092cf8,gotoassignmenthelp austraila,Assignment Help Online @40% off Assignment Help Australia's,https://www.gotoassignmenthelp.com/,gotoassignmenthelp austraila,None,None,None,None,None,None,None,None,None,None,None,None,None,None,None,None,None,None,None,None,None,None,None,None,None,None,None,None,None,None,None,None,None,None,None,None,None,None,None,None,None,None,None,None,None,None,None,None,None,None,None,None,None,None,None,None,None,None,None,None,None,None,None,None,None,None,None,None
5eb661a6796445df9bfd756d,www.governanceinstitute.com.au,Governance Institute of Australia,https://web.governanceinstitute.com.au/home/,Governance Institute of Australia,None,None,None,None,None,None,None,None,None,None,None,None,None,None,None,None,None,None,None,None,None,None,None,None,None,None,None,None,None,None,None,None,None,None,None,None,None,None,None,None,None,None,None,None,None,None,None,None,None,None,None,None,None,None,None,None,None,None,None,None,None,None,None,None,None,None,None,None
5eb6631b245b7e033d0f92ed,www.gradchat.com,Gradchat - Your Campus Network,http://www.gradchat.com/,Gradchat,None,None,None,None,None,None,None,None,None,None,None,None,None,None,None,None,None,None,None,None,None,None,None,None,None,None,None,None,None,None,None,None,None,None,None,None,None,None,None,None,None,None,None,None,None,None,None,None,None,None,None,None,None,None,None,None,None,None,None,None,None,None,None,None,None,None,None,None
5eb66401b0e60a643fae0467,www.gradconnection.com/,Connect with GradConnection in your country,http://www.gradconnection.com/,Gradconnection,None,None,None,None,None,None,None,None,None,None,None,None,None,None,None,None,None,None,None,None,None,None,None,None,None,None,None,None,None,None,None,None,None,None,None,None,None,None,None,None,None,None,None,None,None,None,None,None,None,None,None,None,None,None,None,None,None,None,None,None,None,None,None,None,None,None,None,None
5eb6651284c93e9e1b685024,www.growingup.co.nz/,Growing Up in New Zealand,http://www.growingup.co.nz/en.html,Growing Up in New Zealand,None,None,None,None,None,None,None,None,None,None,None,None,None,None,None,None,None,None,None,None,None,None,None,None,None,None,None,None,None,None,None,None,None,None,None,None,None,None,None,None,None,None,None,None,None,None,None,None,None,None,None,None,None,None,None,None,None,None,None,None,None,None,None,None,None,None,None,None
5eb66682dc99a524418da337,www.guiix.com,Guiix | Crunchbase,https://www.crunchbase.com/organization/guiix,Guiix,None,None,None,None,None,None,None,None,None,None,None,None,None,None,None,None,None,None,None,None,None,None,None,None,None,None,None,None,None,None,None,None,None,None,None,None,None,None,None,None,None,None,None,None,None,None,None,None,None,None,None,None,None,None,None,None,None,None,None,None,None,None,None,None,None,None,None,None
5eb667a554cc6bc47dbfea44,www.heropa.com,Heropa – Cloud-based Labs for Sales Demos_ POCs and ...,https://www.heropa.com/,Heropa,None,None,None,None,None,None,None,None,None,None,None,None,None,None,None,None,None,None,None,None,None,None,None,None,None,None,None,None,None,None,None,None,None,None,None,None,None,None,None,None,None,None,None,None,None,None,None,None,None,None,None,None,None,None,None,None,None,None,None,None,None,None,None,None,None,None,None,None
5eb6688cf9acda3a876322e4,www.humanedge.biz/,Human Edge Software,https://www.humanedge.biz/,Human Edge Software Corp,None,None,None,None,None,None,None,None,None,None,None,None,None,None,None,None,None,None,None,None,None,None,None,None,None,None,None,None,None,None,None,None,None,None,None,None,None,None,None,None,None,None,None,None,None,None,None,None,None,None,None,None,None,None,None,None,None,None,None,None,None,None,None,None,None,None,None,None
5eb669883e6dc49bd6f1540f,www.ignia.com.au/,Insight Australia: Computer Hardware_ Software_ Technology ...,http://ignia.com.au/,Ignia,None,None,None,None,None,None,None,None,None,None,None,None,None,None,None,None,None,None,None,None,None,None,None,None,None,None,None,None,None,None,None,None,None,None,None,None,None,None,None,None,None,None,None,None,None,None,None,None,None,None,None,None,None,None,None,None,None,None,None,None,None,None,None,None,None,None,None,None
5eb66a9b90f9dd06f1107866,www.inkerz.com/,INKERZ,https://www.inkerz.com/,Inkerz,None,None,None,None,None,None,None,None,None,None,None,None,None,None,None,None,None,None,None,None,None,None,None,None,None,None,None,None,None,None,None,None,None,None,None,None,None,None,None,None,None,None,None,None,None,None,None,None,None,None,None,None,None,None,None,None,None,None,None,None,None,None,None,None,None,None,None,None
5eb66bb449a0728d932475bc,jiangren.com.au,澳洲匠人学院_澳洲求职_澳洲就业_澳洲IT_澳洲找工作_找工作平台,https://jiangren.com.au/,JR Academy,None,None,None,None,None,None,None,None,None,None,None,None,None,None,None,None,None,None,None,None,None,None,None,None,None,None,None,None,None,None,None,None,None,None,None,None,None,None,None,None,None,None,None,None,None,None,None,None,None,None,None,None,None,None,None,None,None,None,None,None,None,None,None,None,None,None,None,None
5eb66ce4535d821544a14dee,www.kindersay.com,Find Babysitters_ Nannies & Child Care | Sitter.com,http://kindersay.com/,Kindersay,None,None,None,None,None,None,None,None,None,None,None,None,None,None,None,None,None,None,None,None,None,None,None,None,None,None,None,None,None,None,None,None,None,None,None,None,None,None,None,None,None,None,None,None,None,None,None,None,None,None,None,None,None,None,None,None,None,None,None,None,None,None,None,None,None,None,None,None
5eb66dabf3d5b58ef16a4c74,www.ltt.com.au,LTT,https://www.ltt.com.au/,LabTech Training,None,None,None,None,None,None,None,None,None,None,None,None,None,None,None,None,None,None,None,None,None,None,None,None,None,None,None,None,None,None,None,None,None,None,None,None,None,None,None,None,None,None,None,None,None,None,None,None,None,None,None,None,None,None,None,None,None,None,None,None,None,None,None,None,None,None,None,None
5eb66e99e95b7d86f2518828,learnable.com/,Library - SitePoint Premium - SitePoint Premium,https://www.learnable.com/,Learnable,None,None,None,None,None,None,None,None,None,None,None,None,None,None,None,None,None,None,None,None,None,None,None,None,None,None,None,None,None,None,None,None,None,None,None,None,None,None,None,None,None,None,None,None,None,None,None,None,None,None,None,None,None,None,None,None,None,None,None,None,None,None,None,None,None,None,None,None
5eb66fa738555190120005d2,https://www.literatu.com/,Literatu,https://www.literatu.com/,Literatu Pty Limited,None,None,None,None,None,None,None,None,None,None,None,None,None,None,None,None,None,None,None,None,None,None,None,None,None,None,None,None,None,None,None,None,None,None,None,None,None,None,None,None,None,None,None,None,None,None,None,None,None,None,None,None,None,None,None,None,None,None,None,None,None,None,None,None,None,None,None,None
5eb670c2382a70cea3c90149,www.livewebtutors.com/,LiveWebTutors,https://www.livewebtutors.com/,LiveWebTutors,None,None,None,None,None,None,None,None,None,None,None,None,None,None,None,None,None,None,None,None,None,None,None,None,None,None,None,None,None,None,None,None,None,None,None,None,None,None,None,None,None,None,None,None,None,None,None,None,None,None,None,None,None,None,None,None,None,None,None,None,None,None,None,None,None,None,None,None
5eb672382cf60f5b673dc845,www.logitrain.com.au,Logitrain: IT Training_ Computer Courses_ IT Courses,https://www.logitrain.com.au/,Logitrain,None,None,None,None,None,None,None,None,None,None,None,None,None,None,None,None,None,None,None,None,None,None,None,None,None,None,None,None,None,None,None,None,None,None,None,None,None,None,None,None,None,None,None,None,None,None,None,None,None,None,None,None,None,None,None,None,None,None,None,None,None,None,None,None,None,None,None,None
5eb6734f61272a1489607d7c,www.managementtutors.com/,Management Tutors | Online Assignment Help Native Writers,https://www.managementtutors.com/,Management Tutors,None,None,None,None,None,None,None,None,None,None,None,None,None,None,None,None,None,None,None,None,None,None,None,None,None,None,None,None,None,None,None,None,None,None,None,None,None,None,None,None,None,None,None,None,None,None,None,None,None,None,None,None,None,None,None,None,None,None,None,None,None,None,None,None,None,None,None,None
5eb6746b3f8078c646a32068,www.mathsrepublic.com.au,MathsRepublic: Problem-based Lessons & Tasks,https://www.mathsrepublic.com.au/,MathsRepublic,None,None,None,None,None,None,None,None,None,None,None,None,None,None,None,None,None,None,None,None,None,None,None,None,None,None,None,None,None,None,None,None,None,None,None,None,None,None,None,None,None,None,None,None,None,None,None,None,None,None,None,None,None,None,None,None,None,None,None,None,None,None,None,None,None,None,None,None
5eb675384beae11731a0ce35,me3d.com.au/,Me3D,https://me3d.com.au/,Me3D,None,None,None,None,None,None,None,None,None,None,None,None,None,None,None,None,None,None,None,None,None,None,None,None,None,None,None,None,None,None,None,None,None,None,None,None,None,None,None,None,None,None,None,None,None,None,None,None,None,None,None,None,None,None,None,None,None,None,None,None,None,None,None,None,None,None,None,None
5eb676209d0d155a1c6530f3,www.3dorganon.com/,Homepage - 3D ORGANON,https://www.3dorganon.com/,Medis Media,None,None,None,None,None,None,None,None,None,None,None,None,None,None,None,None,None,None,None,None,None,None,None,None,None,None,None,None,None,None,None,None,None,None,None,None,None,None,None,None,None,None,None,None,None,None,None,None,None,None,None,None,None,None,None,None,None,None,None,None,None,None,None,None,None,None,None,None
5eb6777b140e783b3524f4d9,millipede.com.au,Millipede – Our work,https://millipede.com.au/,Milliped,None,None,None,None,None,None,None,None,None,None,None,None,None,None,None,None,None,None,None,None,None,None,None,None,None,None,None,None,None,None,None,None,None,None,None,None,None,None,None,None,None,None,None,None,None,None,None,None,None,None,None,None,None,None,None,None,None,None,None,None,None,None,None,None,None,None,None,None
5eb6783b3dd775bea489b02d,www.minded.co.nz,Minded,https://www.minded.co.nz/,Minded,None,None,None,None,None,None,None,None,None,None,None,None,None,None,None,None,None,None,None,None,None,None,None,None,None,None,None,None,None,None,None,None,None,None,None,None,None,None,None,None,None,None,None,None,None,None,None,None,None,None,None,None,None,None,None,None,None,None,None,None,None,None,None,None,None,None,None,None
5eb67952c38498d75c86627f,www.modernstar.com/,Modern Star: Home,https://www.modernstar.com/,Modern Star,None,None,None,None,None,None,None,None,None,None,None,None,None,None,None,None,None,None,None,None,None,None,None,None,None,None,None,None,None,None,None,None,None,None,None,None,None,None,None,None,None,None,None,None,None,None,None,None,None,None,None,None,None,None,None,None,None,None,None,None,None,None,None,None,None,None,None,None
5eb67a4c109ddab70aec7b2d,www.motivationalspeakeradelaide.com.au/,Motivational Speaker Adelaide,https://www.motivationalspeakeradelaide.com.au/,Motivational Speaker Adelaide,None,None,None,None,None,None,None,None,None,None,None,None,None,None,None,None,None,None,None,None,None,None,None,None,None,None,None,None,None,None,None,None,None,None,None,None,None,None,None,None,None,None,None,None,None,None,None,None,None,None,None,None,None,None,None,None,None,None,None,None,None,None,None,None,None,None,None,None
5eb67bc12373d9a910e8750f,www.myassignmentservices.com,My Assignment Services,https://www.myassignmentservices.com/,My Assignment Services,None,None,None,None,None,None,None,None,None,None,None,None,None,None,None,None,None,None,None,None,None,None,None,None,None,None,None,None,None,None,None,None,None,None,None,None,None,None,None,None,None,None,None,None,None,None,None,None,None,None,None,None,None,None,None,None,None,None,None,None,None,None,None,None,None,None,None,None
5eb67d3dd9818bcd44884d39,myfocusbook.com.au,My Focusbook | Crunchbase,https://www.crunchbase.com/organization/my-focusbook,My Focusbook,None,None,None,None,None,None,None,None,None,None,None,None,None,None,None,None,None,None,None,None,None,None,None,None,None,None,None,None,None,None,None,None,None,None,None,None,None,None,None,None,None,None,None,None,None,None,None,None,None,None,None,None,None,None,None,None,None,None,None,None,None,None,None,None,None,None,None,None
5eb67e66b7921dcf1c2e6805,www.mygeniusmind.com/,Online Homework Tutoring Help – All Assignment Solutions,https://www.mygeniusmind.com/,My Genius Mind,None,None,None,None,None,None,None,None,None,None,None,None,None,None,None,None,None,None,None,None,None,None,None,None,None,None,None,None,None,None,None,None,None,None,None,None,None,None,None,None,None,None,None,None,None,None,None,None,None,None,None,None,None,None,None,None,None,None,None,None,None,None,None,None,None,None,None,None
5eb67fa821374c1c36ea76bb,www.myassignmenthelp.net/,MyAssignmentHelp.net,https://www.myassignmenthelp.net/,MyAssignmentHelp.net,None,None,None,None,None,None,None,None,None,None,None,None,None,None,None,None,None,None,None,None,None,None,None,None,None,None,None,None,None,None,None,None,None,None,None,None,None,None,None,None,None,None,None,None,None,None,None,None,None,None,None,None,None,None,None,None,None,None,None,None,None,None,None,None,None,None,None,None
5eb680d98c70c48229cd26b6,myassignmenthelpaustralia.com.au/,My Assignment Help Australia,https://myassignmenthelpaustralia.com.au/,myassignmenthelpaustralia,None,None,None,None,None,None,None,None,None,None,None,None,None,None,None,None,None,None,None,None,None,None,None,None,None,None,None,None,None,None,None,None,None,None,None,None,None,None,None,None,None,None,None,None,None,None,None,None,None,None,None,None,None,None,None,None,None,None,None,None,None,None,None,None,None,None,None,None
5eb6820dcc1fecfea5009f48,myndlyte.com/,MyndLyte | Crunchbase,https://www.crunchbase.com/organization/myndlyte,MyndLyte,None,None,None,None,None,None,None,None,None,None,None,None,None,None,None,None,None,None,None,None,None,None,None,None,None,None,None,None,None,None,None,None,None,None,None,None,None,None,None,None,None,None,None,None,None,None,None,None,None,None,None,None,None,None,None,None,None,None,None,None,None,None,None,None,None,None,None,None
5eb682ecd810c81378eb806d,nationalmusicacademy.com.au/,National Music Academy: Music Lessons Newcastle,https://www.nationalmusicacademy.com.au/,National Music Academy,None,None,None,None,None,None,None,None,None,None,None,None,None,None,None,None,None,None,None,None,None,None,None,None,None,None,None,None,None,None,None,None,None,None,None,None,None,None,None,None,None,None,None,None,None,None,None,None,None,None,None,None,None,None,None,None,None,None,None,None,None,None,None,None,None,None,None,None
5eb68405b8f3f1e1b3084a52,nativetongue.com,Native Tongue,http://www.nativetongue.com/,Native Tongue,None,None,None,None,None,None,None,None,None,None,None,None,None,None,None,None,None,None,None,None,None,None,None,None,None,None,None,None,None,None,None,None,None,None,None,None,None,None,None,None,None,None,None,None,None,None,None,None,None,None,None,None,None,None,None,None,None,None,None,None,None,None,None,None,None,None,None,None
5eb6853a626f824ef428e315,www.netspot.com.au,NetSpot,https://www.netspotapp.com/,NetSpot,None,None,None,None,None,None,None,None,None,None,None,None,None,None,None,None,None,None,None,None,None,None,None,None,None,None,None,None,None,None,None,None,None,None,None,None,None,None,None,None,None,None,None,None,None,None,None,None,None,None,None,None,None,None,None,None,None,None,None,None,None,None,None,None,None,None,None,None
5eb688a782ee2ac4699515f2,www.newcomb.co.nz/,Print Design – Newcomb Digital,https://www.newcomb.co.nz/portfolio-category/print-design/,Newcomb Digital,None,None,None,None,None,None,None,None,None,None,None,None,None,None,None,None,None,None,None,None,None,None,None,None,None,None,None,None,None,None,None,None,None,None,None,None,None,None,None,None,None,None,None,None,None,None,None,None,None,None,None,None,None,None,None,None,None,None,None,None,None,None,None,None,None,None,None,None
5eb689814e048265dd507dbc,www.omnium.net.au,Omnium – Community Asbestos Awareness,http://www.omnium.net.au/,Omnium,None,None,None,None,None,None,None,None,None,None,None,None,None,None,None,None,None,None,None,None,None,None,None,None,None,None,None,None,None,None,None,None,None,None,None,None,None,None,None,None,None,None,None,None,None,None,None,None,None,None,None,None,None,None,None,None,None,None,None,None,None,None,None,None,None,None,None,None
5eb68a771a268ae85ef97960,openlearning.com,OpenLearning: Teach and learn online today,https://www.openlearning.com/,OpenLearning,None,None,None,None,None,None,None,None,None,None,None,None,None,None,None,None,None,None,None,None,None,None,None,None,None,None,None,None,None,None,None,None,None,None,None,None,None,None,None,None,None,None,None,None,None,None,None,None,None,None,None,None,None,None,None,None,None,None,None,None,None,None,None,None,None,None,None,None
5eb68b52298db2bd4cebdd0e,openstem.com.au/,Programs | OpenSTEM Pty Ltd,https://openstem.com.au/programs,OpenSTEM Pty Ltd,None,None,None,None,None,None,None,None,None,None,None,None,None,None,None,None,None,None,None,None,None,None,None,None,None,None,None,None,None,None,None,None,None,None,None,None,None,None,None,None,None,None,None,None,None,None,None,None,None,None,None,None,None,None,None,None,None,None,None,None,None,None,None,None,None,None,None,None
5eb68c65501e64174bede873,www.paddl.com,Paddl | Ultimate Resume Builder with Experience Analytics,https://www.paddl.com/,Paddl Co.,None,None,None,None,None,None,None,None,None,None,None,None,None,None,None,None,None,None,None,None,None,None,None,None,None,None,None,None,None,None,None,None,None,None,None,None,None,None,None,None,None,None,None,None,None,None,None,None,None,None,None,None,None,None,None,None,None,None,None,None,None,None,None,None,None,None,None,None
5eb68d458e708541f4671189,pallasals.com/,Pallas ALS | Crunchbase,https://www.crunchbase.com/organization/pallas-als,Pallas ALS,None,None,None,None,None,None,None,None,None,None,None,None,None,None,None,None,None,None,None,None,None,None,None,None,None,None,None,None,None,None,None,None,None,None,None,None,None,None,None,None,None,None,None,None,None,None,None,None,None,None,None,None,None,None,None,None,None,None,None,None,None,None,None,None,None,None,None,None
5eb68e2fab2ce0451e2b4056,programminghomeworktutors.com/index.php,Programming Homework Tutors - programming assignment ...,https://programminghomeworktutors.com/,ProgrammingHomeworkTutors,None,None,None,None,None,None,None,None,None,None,None,None,None,None,None,None,None,None,None,None,None,None,None,None,None,None,None,None,None,None,None,None,None,None,None,None,None,None,None,None,None,None,None,None,None,None,None,None,None,None,None,None,None,None,None,None,None,None,None,None,None,None,None,None,None,None,None,None
5eb68edce0b5b75b05fba1e6,www.prospereducation.com/,Prosper Education – Enabling a new standard of education,https://www.prospereducation.com/,Prosper Education,None,None,None,None,None,None,None,None,None,None,None,None,None,None,None,None,None,None,None,None,None,None,None,None,None,None,None,None,None,None,None,None,None,None,None,None,None,None,None,None,None,None,None,None,None,None,None,None,None,None,None,None,None,None,None,None,None,None,None,None,None,None,None,None,None,None,None,None
5eb690038f7f6e26b6253fd5,www.realfirstaid.com.au,Real Response: First Aid Courses In Melbourne + Sydney,http://www.realfirstaid.com.au/,Real First Aid,None,None,None,None,None,None,None,None,None,None,None,None,None,None,None,None,None,None,None,None,None,None,None,None,None,None,None,None,None,None,None,None,None,None,None,None,None,None,None,None,None,None,None,None,None,None,None,None,None,None,None,None,None,None,None,None,None,None,None,None,None,None,None,None,None,None,None,None
5eb690bd8d99ac316303ffb6,rockmelon.com/,Rockmelon - Learning and Communications Platform for ...,https://rockmelon.com/,Rockmelon,None,None,None,None,None,None,None,None,None,None,None,None,None,None,None,None,None,None,None,None,None,None,None,None,None,None,None,None,None,None,None,None,None,None,None,None,None,None,None,None,None,None,None,None,None,None,None,None,None,None,None,None,None,None,None,None,None,None,None,None,None,None,None,None,None,None,None,None
5eb6918fa2e66438837c2d83,schoolofmusiconline.com/,School of Music Online - YouTube,https://m.youtube.com/user/schoolofmusiconline,School of Music Online,None,None,None,None,None,None,None,None,None,None,None,None,None,None,None,None,None,None,None,None,None,None,None,None,None,None,None,None,None,None,None,None,None,None,None,None,None,None,None,None,None,None,None,None,None,None,None,None,None,None,None,None,None,None,None,None,None,None,None,None,None,None,None,None,None,None,None,None
5eb6925a31a5f94e1207b916,www.schoolzine.com/,Schoolzine,https://www.schoolzine.com/,Schoolzine,None,None,None,None,None,None,None,None,None,None,None,None,None,None,None,None,None,None,None,None,None,None,None,None,None,None,None,None,None,None,None,None,None,None,None,None,None,None,None,None,None,None,None,None,None,None,None,None,None,None,None,None,None,None,None,None,None,None,None,None,None,None,None,None,None,None,None,None
5eb6944565d7b2466379f198,www.secureassignmenthelp.com/,Best Assignment Help Australia With Pass Guarantee ...,http://www.secureassignmenthelp.com/,Secure Assignment Help,None,None,None,None,None,None,None,None,None,None,None,None,None,None,None,None,None,None,None,None,None,None,None,None,None,None,None,None,None,None,None,None,None,None,None,None,None,None,None,None,None,None,None,None,None,None,None,None,None,None,None,None,None,None,None,None,None,None,None,None,None,None,None,None,None,None,None,None
5eb694f59c10ae1d407b7c2a,www.skillsoz.com.au/,Skills Oz | Crunchbase,https://www.crunchbase.com/organization/skills-oz,Skills Oz,None,None,None,None,None,None,None,None,None,None,None,None,None,None,None,None,None,None,None,None,None,None,None,None,None,None,None,None,None,None,None,None,None,None,None,None,None,None,None,None,None,None,None,None,None,None,None,None,None,None,None,None,None,None,None,None,None,None,None,None,None,None,None,None,None,None,None,None
5eb695e1ffe996bbe09292fe,activebabiessmartkids.com.au,Active Babies Smart Kids,https://activebabiessmartkids.com.au/,Smart Kids Video,None,None,None,None,None,None,None,None,None,None,None,None,None,None,None,None,None,None,None,None,None,None,None,None,None,None,None,None,None,None,None,None,None,None,None,None,None,None,None,None,None,None,None,None,None,None,None,None,None,None,None,None,None,None,None,None,None,None,None,None,None,None,None,None,None,None,None,None
5eb696f6ef36438bec383b7e,www.soccerbrain.com/,SoccerBrain | Crunchbase,https://www.crunchbase.com/organization/soccerbrain,SoccerBrain,None,None,None,None,None,None,None,None,None,None,None,None,None,None,None,None,None,None,None,None,None,None,None,None,None,None,None,None,None,None,None,None,None,None,None,None,None,None,None,None,None,None,None,None,None,None,None,None,None,None,None,None,None,None,None,None,None,None,None,None,None,None,None,None,None,None,None,None
5eb697cac579ca076779cb0f,codelikeagirl.org/,Code Like a Girl,https://codelikeagirl.org/,Code Like a Girl,None,None,None,None,None,None,None,None,None,None,None,None,None,None,None,None,None,None,None,None,None,None,None,None,None,None,None,None,None,None,None,None,None,None,None,None,None,None,None,None,None,None,None,None,None,None,None,None,None,None,None,None,None,None,None,None,None,None,None,None,None,None,None,None,None,None,None,None
5eb698a46de98c90f95a497d,startupmelbourne.com,Startup Melbourne,http://startupmelbourne.com/,Startup Melbourne,None,None,None,None,None,None,None,None,None,None,None,None,None,None,None,None,None,None,None,None,None,None,None,None,None,None,None,None,None,None,None,None,None,None,None,None,None,None,None,None,None,None,None,None,None,None,None,None,None,None,None,None,None,None,None,None,None,None,None,None,None,None,None,None,None,None,None,None
5eb699a671806057e76f0141,www.studentassignmenthelp.com/,Student Assignment Help: Home,https://www.studentassignmenthelp.com/,Student Assignment Help,None,None,None,None,None,None,None,None,None,None,None,None,None,None,None,None,None,None,None,None,None,None,None,None,None,None,None,None,None,None,None,None,None,None,None,None,None,None,None,None,None,None,None,None,None,None,None,None,None,None,None,None,None,None,None,None,None,None,None,None,None,None,None,None,None,None,None,None
5eb69a7d5587c492135fd56c,www.supplychainschool.org.au,Supply Chain Sustainability School: Home,https://www.supplychainschool.org.au/,Supply Chain Sustainability School,None,None,None,None,None,None,None,None,None,None,None,None,None,None,None,None,None,None,None,None,None,None,None,None,None,None,None,None,None,None,None,None,None,None,None,None,None,None,None,None,None,None,None,None,None,None,None,None,None,None,None,None,None,None,None,None,None,None,None,None,None,None,None,None,None,None,None,None
5eb69b6fc6cad85bd913e12a,www.switchinc.com.au,Switch Inc.,http://www.switchinc.com.au/,Switch Inc.,None,None,None,None,None,None,None,None,None,None,None,None,None,None,None,None,None,None,None,None,None,None,None,None,None,None,None,None,None,None,None,None,None,None,None,None,None,None,None,None,None,None,None,None,None,None,None,None,None,None,None,None,None,None,None,None,None,None,None,None,None,None,None,None,None,None,None,None
5eb69c52d1ecab806f2beead,www.talkiplay.com/,TalkiPlay,https://www.talkiplay.com/,TalkiPlay,None,None,None,None,None,None,None,None,None,None,None,None,None,None,None,None,None,None,None,None,None,None,None,None,None,None,None,None,None,None,None,None,None,None,None,None,None,None,None,None,None,None,None,None,None,None,None,None,None,None,None,None,None,None,None,None,None,None,None,None,None,None,None,None,None,None,None,None
5eb69cefc81bdf1aac4bf6a1,www.teachertime.com.au,Teacher Time: More time for teaching,https://www.teachertime.com.au/,TeacherTime,None,None,None,None,None,None,None,None,None,None,None,None,None,None,None,None,None,None,None,None,None,None,None,None,None,None,None,None,None,None,None,None,None,None,None,None,None,None,None,None,None,None,None,None,None,None,None,None,None,None,None,None,None,None,None,None,None,None,None,None,None,None,None,None,None,None,None,None
5eb69e087e9ea4385e20beed,www.negotiations.com,Negotiation Experts: Negotiation Skills Workshops,https://www.negotiations.com/,Negotiation Experts,None,None,None,None,None,None,None,None,None,None,None,None,None,None,None,None,None,None,None,None,None,None,None,None,None,None,None,None,None,None,None,None,None,None,None,None,None,None,None,None,None,None,None,None,None,None,None,None,None,None,None,None,None,None,None,None,None,None,None,None,None,None,None,None,None,None,None,None
5eb69f48a04ce33b509b4895,www.theicehouse.co.nz/,The Icehouse: Business Growth_ Strategy_ Support & Advice,https://www.theicehouse.co.nz/,The ICEHOUSE,None,None,None,None,None,None,None,None,None,None,None,None,None,None,None,None,None,None,None,None,None,None,None,None,None,None,None,None,None,None,None,None,None,None,None,None,None,None,None,None,None,None,None,None,None,None,None,None,None,None,None,None,None,None,None,None,None,None,None,None,None,None,None,None,None,None,None,None
5eb6a058cd265d6ef2ee766f,www.thepulseiq.com/,THE PULSE IQ | Crunchbase,https://www.crunchbase.com/organization/the-pulse-iq,THE PULSE IQ,None,None,None,None,None,None,None,None,None,None,None,None,None,None,None,None,None,None,None,None,None,None,None,None,None,None,None,None,None,None,None,None,None,None,None,None,None,None,None,None,None,None,None,None,None,None,None,None,None,None,None,None,None,None,None,None,None,None,None,None,None,None,None,None,None,None,None,None
5eb6a12f7ef80a97c531cc67,www.totaralms.com/,Totara Learning - Freedom to Learn,https://www.totaralms.com/,Totara Learning Solutions,None,None,None,None,None,None,None,None,None,None,None,None,None,None,None,None,None,None,None,None,None,None,None,None,None,None,None,None,None,None,None,None,None,None,None,None,None,None,None,None,None,None,None,None,None,None,None,None,None,None,None,None,None,None,None,None,None,None,None,None,None,None,None,None,None,None,None,None
5eb6a21fe632eaf0b1d593db,www.trainingadvisor.com.au,Training Advisor | Crunchbase,https://www.crunchbase.com/organization/training-advisor,Training Advisor,None,None,None,None,None,None,None,None,None,None,None,None,None,None,None,None,None,None,None,None,None,None,None,None,None,None,None,None,None,None,None,None,None,None,None,None,None,None,None,None,None,None,None,None,None,None,None,None,None,None,None,None,None,None,None,None,None,None,None,None,None,None,None,None,None,None,None,None
5eb6a63fc0820e4534126e94,tutorondemand.com.au/,Tutor On Demand | Crunchbase,https://www.crunchbase.com/organization/tutor-on-demand,Tutor On Demand,None,None,None,None,None,None,None,None,None,None,None,None,None,None,None,None,None,None,None,None,None,None,None,None,None,None,None,None,None,None,None,None,None,None,None,None,None,None,None,None,None,None,None,None,None,None,None,None,None,None,None,None,None,None,None,None,None,None,None,None,None,None,None,None,None,None,None,None
5eb6a72dfc5d1c47d4ca9cd1,www.cadmus.io/,Cadmus,https://cadmus.io/,Vericus,None,None,None,None,None,None,None,None,None,None,None,None,None,None,None,None,None,None,None,None,None,None,None,None,None,None,None,None,None,None,None,None,None,None,None,None,None,None,None,None,None,None,None,None,None,None,None,None,None,None,None,None,None,None,None,None,None,None,None,None,None,None,None,None,None,None,None,None
5eb6a8462d272649f7b4df95,vidversity.com/,Vidversity | Video Creation Software | Video Education,https://vidversity.com/,Vidversity,None,None,None,None,None,None,None,None,None,None,None,None,None,None,None,None,None,None,None,None,None,None,None,None,None,None,None,None,None,None,None,None,None,None,None,None,None,None,None,None,None,None,None,None,None,None,None,None,None,None,None,None,None,None,None,None,None,None,None,None,None,None,None,None,None,None,None,None
5eb6a930b440ebf60d42d6c2,www.workstar.com.au,Workstar,https://www.workstar.com.au/,Workstar,None,None,None,None,None,None,None,None,None,None,None,None,None,None,None,None,None,None,None,None,None,None,None,None,None,None,None,None,None,None,None,None,None,None,None,None,None,None,None,None,None,None,None,None,None,None,None,None,None,None,None,None,None,None,None,None,None,None,None,None,None,None,None,None,None,None,None,None
5eb6aa15b5b4db2c7393254c,http://compass.edu.au/,Compass Education - School Management System,https://www.compass.education/,Compass,None,None,None,None,None,None,None,None,None,None,None,None,None,None,None,None,None,None,None,None,None,None,None,None,None,None,None,None,None,None,None,None,None,None,None,None,None,None,None,None,None,None,None,None,None,None,None,None,None,None,None,None,None,None,None,None,None,None,None,None,None,None,None,None,None,None,None,None
5eb6ab260aef4a583d77118f,http://seqta.com.au/,Seqta,https://seqta.com.au/,Seqta,None,None,None,None,None,None,None,None,None,None,None,None,None,None,None,None,None,None,None,None,None,None,None,None,None,None,None,None,None,None,None,None,None,None,None,None,None,None,None,None,None,None,None,None,None,None,None,None,None,None,None,None,None,None,None,None,None,None,None,None,None,None,None,None,None,None,None,None
5eb6ac1bfff106a6f58c42e7,http://synergetic.net.au/,Synergetic Management Systems: Your total school ...,https://www.synergetic.net.au/,Synergetic,None,None,None,None,None,None,None,None,None,None,None,None,None,None,None,None,None,None,None,None,None,None,None,None,None,None,None,None,None,None,None,None,None,None,None,None,None,None,None,None,None,None,None,None,None,None,None,None,None,None,None,None,None,None,None,None,None,None,None,None,None,None,None,None,None,None,None,None
5eb6ad1662db4e6c180a378b,www.axcelerate.com.au,aXcelerate: Australia's #1 Student Management System,https://www.axcelerate.com.au/,Axcelerate,None,None,None,None,None,None,None,None,None,None,None,None,None,None,None,None,None,None,None,None,None,None,None,None,None,None,None,None,None,None,None,None,None,None,None,None,None,None,None,None,None,None,None,None,None,None,None,None,None,None,None,None,None,None,None,None,None,None,None,None,None,None,None,None,None,None,None,None
5eb6ae390bdb0b194f41f9b3,http://www.timetabling.com.au,Timetabling Solutions: Home,https://www.timetabling.com.au/,Timetabling Solutions Pty Ltd,None,None,None,None,None,None,None,None,None,None,None,None,None,None,None,None,None,None,None,None,None,None,None,None,None,None,None,None,None,None,None,None,None,None,None,None,None,None,None,None,None,None,None,None,None,None,None,None,None,None,None,None,None,None,None,None,None,None,None,None,None,None,None,None,None,None,None,None
5eb6af2a6012ca09c1728130,Software to manage relief teachers Australia OR New Zealand,School Visitor Management Software. Passtab Sign In App for ...,https://passtab.com/,passtab,None,None,None,None,None,None,None,None,None,None,None,None,None,None,None,None,None,None,None,None,None,None,None,None,None,None,None,None,None,None,None,None,None,None,None,None,None,None,None,None,None,None,None,None,None,None,None,None,None,None,None,None,None,None,None,None,None,None,None,None,None,None,None,None,None,None,None,None
5eb6afc4e15b344d1a3aafa0,www.sentral.com.au,Sentral: Cloud Based School & Student Management Solutions,https://www.sentral.com.au/,www.sentral.com.au,None,None,None,None,None,None,None,None,None,None,None,None,None,None,None,None,None,None,None,None,None,None,None,None,None,None,None,None,None,None,None,None,None,None,None,None,None,None,None,None,None,None,None,None,None,None,None,None,None,None,None,None,None,None,None,None,None,None,None,None,None,None,None,None,None,None,None,None
5eb6b19b1c6e630676c62445,https://schoolbox.com.au/,Schoolbox: K-12 Learning Management System (LMS ...,https://schoolbox.com.au/,Schoolbox,None,None,None,None,None,None,None,None,None,None,None,None,None,None,None,None,None,None,None,None,None,None,None,None,None,None,None,None,None,None,None,None,None,None,None,None,None,None,None,None,None,None,None,None,None,None,None,None,None,None,None,None,None,None,None,None,None,None,None,None,None,None,None,None,None,None,None,None
5eb6b2a5a9211572420260e9,www.bibliotech.com.au,BiblioTECH Library Management System,https://www.bibliotech.com.au/,Bibliotech,None,None,None,None,None,None,None,None,None,None,None,None,None,None,None,None,None,None,None,None,None,None,None,None,None,None,None,None,None,None,None,None,None,None,None,None,None,None,None,None,None,None,None,None,None,None,None,None,None,None,None,None,None,None,None,None,None,None,None,None,None,None,None,None,None,None,None,None
5eb6b38eeb5e21b75a0d7cdb,www.edumate.com.au,Edumate | School_ Student and Learning Management System,https://www.edumate.com.au/,Edumate,None,None,None,None,None,None,None,None,None,None,None,None,None,None,None,None,None,None,None,None,None,None,None,None,None,None,None,None,None,None,None,None,None,None,None,None,None,None,None,None,None,None,None,None,None,None,None,None,None,None,None,None,None,None,None,None,None,None,None,None,None,None,None,None,None,None,None,None
5eb6b45f4dab807be8d7a28a,www.simonschools.net,Learning Management Software | Primary & Secondary Schools,https://www.simonschools.net/,Simon Schools,None,None,None,None,None,None,None,None,None,None,None,None,None,None,None,None,None,None,None,None,None,None,None,None,None,None,None,None,None,None,None,None,None,None,None,None,None,None,None,None,None,None,None,None,None,None,None,None,None,None,None,None,None,None,None,None,None,None,None,None,None,None,None,None,None,None,None,None
5eb6b53fd8471918b43146b7,www.pcschool.net,PCSchool – Complete School Management Solution,https://www.pcschool.net/,PC School,None,None,None,None,None,None,None,None,None,None,None,None,None,None,None,None,None,None,None,None,None,None,None,None,None,None,None,None,None,None,None,None,None,None,None,None,None,None,None,None,None,None,None,None,None,None,None,None,None,None,None,None,None,None,None,None,None,None,None,None,None,None,None,None,None,None,None,None
5eb6b61fabf00d5fdb2d05a3,www.aie.edu.au/,AIE | Game_ 3D Animation and VFX Courses,https://aie.edu.au/,Specialist educators for video games developers  ,None,None,None,None,None,None,None,None,None,None,None,None,None,None,None,None,None,None,None,None,None,None,None,None,None,None,None,None,None,None,None,None,None,None,None,None,None,None,None,None,None,None,None,None,None,None,None,None,None,None,None,None,None,None,None,None,None,None,None,None,None,None,None,None,None,None,None,None
5eb6b71e5cd9b7b54c7d9961,https://www.zenimax.com/,ZeniMax Media Inc,https://www.zenimax.com/,Specialist educators for video games developers  ,None,None,None,None,None,None,None,None,None,None,None,None,None,None,None,None,None,None,None,None,None,None,None,None,None,None,None,None,None,None,None,None,None,None,None,None,None,None,None,None,None,None,None,None,None,None,None,None,None,None,None,None,None,None,None,None,None,None,None,None,None,None,None,None,None,None,None,None
5eb6b9158f232307ce0bdc13,www.joybusinessacademy.com,Joy Business Academy,https://www.joybusinessacademy.com/,Specialist content and material development ,None,None,None,None,None,None,None,None,None,None,None,None,None,None,None,None,None,None,None,None,None,None,None,None,None,None,None,None,None,None,None,None,None,None,None,None,None,None,None,None,None,None,None,None,None,None,None,None,None,None,None,None,None,None,None,None,None,None,None,None,None,None,None,None,None,None,None,None
5eb6b9dbb8b6b03010c4dcc6,Examples: https://www.classcover.com.au/,ClassCover for relief teachers,https://www.classcover.com.au/teachers/features,Software to manage relief teachers ,None,None,None,None,None,None,None,None,None,None,None,None,None,None,None,None,None,None,None,None,None,None,None,None,None,None,None,None,None,None,None,None,None,None,None,None,None,None,None,None,None,None,None,None,None,None,None,None,None,None,None,None,None,None,None,None,None,None,None,None,None,None,None,None,None,None,None,None
5eb6bad32c05d6f34cf32652,http://www.smartech.com,Smartech,https://www.smartech.com/,Smartech,None,None,None,None,None,None,None,None,None,None,None,None,None,None,None,None,None,None,None,None,None,None,None,None,None,None,None,None,None,None,None,None,None,None,None,None,None,None,None,None,None,None,None,None,None,None,None,None,None,None,None,None,None,None,None,None,None,None,None,None,None,None,None,None,None,None,None,None
5eb6bbbee2f17c3f3238cec8,http://www.pavt.com.au/,PAVT – Australia | Visionary Solutions_ Inc.,http://www.vsicam.com/partner/pavt-australia/,Service/consumables provider for stable/legacy equipment ,None,None,None,None,None,None,None,None,None,None,None,None,None,None,None,None,None,None,None,None,None,None,None,None,None,None,None,None,None,None,None,None,None,None,None,None,None,None,None,None,None,None,None,None,None,None,None,None,None,None,None,None,None,None,None,None,None,None,None,None,None,None,None,None,None,None,None,None
5eb6bca1b68e7672cd0ef210,https://integralads.com/ ,Integral Ad Science: Protect your brand. Maximize your impact.,https://integralads.com/,Digital advertisement and marketing analytics ,None,None,None,None,None,None,None,None,None,None,None,None,None,None,None,None,None,None,None,None,None,None,None,None,None,None,None,None,None,None,None,None,None,None,None,None,None,None,None,None,None,None,None,None,None,None,None,None,None,None,None,None,None,None,None,None,None,None,None,None,None,None,None,None,None,None,None,None
5eb6bdb1e7b6cc4614eb0edb,https://www.quantium.com/,Quantium,https://quantium.com/,Digital advertisement and marketing analytics ,None,None,None,None,None,None,None,None,None,None,None,None,None,None,None,None,None,None,None,None,None,None,None,None,None,None,None,None,None,None,None,None,None,None,None,None,None,None,None,None,None,None,None,None,None,None,None,None,None,None,None,None,None,None,None,None,None,None,None,None,None,None,None,None,None,None,None,None
